variant,S,B,nh,nkv,hd,page_size,pages_per_block,chain,median_s,p10_s,p90_s,reps,per_step_us,kv_mb,gbs,vmem_resident,tflops,hoisted,body_extra_mb,materialized,perm_seed
paged_seq,512,8,32,8,128,16,16,8,0.0009267799999861381,0.0009206699999140255,0.0009437399999114859,20,115.84749999826727,16.777216,145.95298129224105,0,0.5792862513304452,0,0.0,0,
paged_shuffled,512,8,32,8,128,16,16,8,0.0009411649999719884,0.0009333900000001449,0.000947279999991224,20,117.64562499649855,16.777216,143.72219961858536,0,0.5704322961605868,0,0.0,0,19249
dense,512,8,32,8,128,16,16,8,0.000239825000107885,0.00023596000005454698,0.00024965000011434313,20,29.978125013485624,16.777216,564.0208649604946,0,2.238594440773436,0,25.165828,1,
dma_gather,512,8,32,8,128,16,16,8,0.0006669049998890841,0.0006590599998617108,0.000673759999926915,20,83.36312498613552,16.777216,201.2546434984328,0,0.0,0,0.0,0,19249
dma_seq,512,8,32,8,128,16,16,8,0.0006562150000490874,0.0006522599999243539,0.0006670799998573784,20,82.02687500613592,16.777216,204.5331606104097,0,0.0,0,0.0,0,
gather_only,512,8,32,8,128,16,16,8,0.00041281000005710666,0.00040166999997381936,0.00042290000010325457,20,51.60125000713833,16.777216,325.131968657331,0,0.0,0,41.943044,1,19249
gather_seq,512,8,32,8,128,16,16,8,0.0004054449999557619,0.00040116000013767916,0.0004129900000862108,20,50.680624994470236,16.777216,331.0380643851681,0,0.0,0,41.943044,1,
contiguous_read,512,8,32,8,128,16,16,8,0.00025019999998221465,0.0002452000001085253,0.00026149999985136674,20,31.27499999777683,16.777216,536.4417586312583,0,0.0,0,0.0,0,
paged_seq,512,32,32,8,128,16,16,8,0.003297405000012077,0.003289910000148666,0.0033079600000291975,20,412.1756250015096,67.108864,164.0881893482961,0,0.6512647515219194,0,0.0,0,
paged_shuffled,512,32,32,8,128,16,16,8,0.003301720000081332,0.003293409999969299,0.003312690000029761,20,412.7150000101665,67.108864,163.8737433782004,0,0.6504136171289815,0,0.0,0,19249
dense,512,32,32,8,128,16,16,8,0.000698064999937742,0.0006904100000610924,0.0008094299998901988,20,87.25812499221774,67.108864,775.092886834687,0,3.076337659374882,0,369.098784,1,
dma_gather,512,32,32,8,128,16,16,8,0.002219819999822903,0.0022136899999622983,0.002235010000049442,20,277.47749997786286,67.108864,241.8533538948345,0,0.0,0,0.0,0,19249
dma_seq,512,32,32,8,128,16,16,8,0.002172859999973298,0.0021615900000142574,0.0021824199998263794,20,271.6074999966622,67.108864,247.08030522288485,0,0.0,0,0.0,0,
gather_only,512,32,32,8,128,16,16,8,0.0012741050001068288,0.0012670799999341398,0.0012795400000413792,20,159.2631250133536,67.108864,421.37101098809393,0,0.0,0,67.108864,1,19249
gather_seq,512,32,32,8,128,16,16,8,0.0012726100001145824,0.0012647399998968467,0.0012834599999678176,20,159.0762500143228,67.108864,421.86601704501896,0,0.0,0,67.108864,1,
contiguous_read,512,32,32,8,128,16,16,8,0.0005007449999538949,0.0004936000000270724,0.0005080500000076427,20,62.59312499423686,67.108864,1072.1443290485804,0,0.0,0,0.0,0,
paged_seq,2048,8,32,8,128,16,16,8,0.0030962999999246676,0.0030873799998971663,0.003104969999867535,20,387.03749999058346,67.108864,173.72977037531487,0,0.6935644634086644,0,0.0,0,
paged_shuffled,2048,8,32,8,128,16,16,8,0.0031029450000232828,0.003095190000067305,0.0031094900000425696,20,387.86812500291035,67.108864,173.3577256432079,0,0.6920791854138202,0,0.0,0,19249
dense,2048,8,32,8,128,16,16,8,0.00051832550002473,0.0005125190000399016,0.000524979000147141,20,64.79068750309125,67.108864,1037.8024773512689,0,4.143117882291226,0,100.6633,1,
dma_gather,2048,8,32,8,128,16,16,8,0.0021822599999268277,0.0021747000000686967,0.002195550000124058,20,272.78249999085347,67.108864,246.01601643158997,0,0.0,0,0.0,0,19249
dma_seq,2048,8,32,8,128,16,16,8,0.0021394599998529884,0.002131049999889001,0.002145939999991242,20,267.43249998162355,67.108864,250.93757865858242,0,0.0,0,0.0,0,
gather_only,2048,8,32,8,128,16,16,8,0.001272375000098691,0.0012629299999389332,0.00128024000014193,20,159.0468750123364,67.108864,421.94393316306736,0,0.0,0,67.108864,1,19249
gather_seq,2048,8,32,8,128,16,16,8,0.0012673695000557927,0.0012631989998226345,0.0012714500001038687,20,158.4211875069741,67.108864,423.61040878478263,0,0.0,0,67.108864,1,
contiguous_read,2048,8,32,8,128,16,16,8,0.000497054999982538,0.0004906099998152058,0.000502769999911834,20,62.13187499781725,67.108864,1080.1036344446002,0,0.0,0,0.0,0,
paged_seq,2048,32,32,8,128,16,16,8,0.01190161999988959,0.01189079000005222,0.011914180000076158,20,1487.7024999861987,268.435456,180.7886617132761,0,0.7217449886721041,0,0.0,0,
paged_shuffled,2048,32,32,8,128,16,16,8,0.011922730000037518,0.011913550000144824,0.011932070000057138,20,1490.3412500046898,268.435456,180.4685631556891,0,0.7204670903369421,0,0.0,0,19249
dense,2048,32,32,8,128,16,16,8,0.0016247400001248025,0.001572310000028665,0.0027284200000394776,20,203.0925000156003,268.435456,1324.3214002454063,0,5.286959508192187,0,8.388608,0,
dma_gather,2048,32,32,8,128,16,16,8,0.008205415000020366,0.008197200000040539,0.00821202999986781,20,1025.6768750025458,268.435456,261.7154218274968,0,0.0,0,0.0,0,19249
dma_seq,2048,32,32,8,128,16,16,8,0.008054985000057968,0.008046359999980268,0.008064829999966605,20,1006.873125007246,268.435456,266.603059842389,0,0.0,0,0.0,0,
gather_only,2048,32,32,8,128,16,16,8,0.005573355000024094,0.005506080000031943,0.005787449999843375,20,696.6693750030117,268.435456,385.3125537473777,0,0.0,0,268.435456,1,19249
gather_seq,2048,32,32,8,128,16,16,8,0.005605879999961871,0.005442469999934474,0.0057164400000147,20,700.7349999952339,268.435456,383.0769920181321,0,0.0,0,268.435456,1,
contiguous_read,2048,32,32,8,128,16,16,8,0.0015422799999669223,0.0015216300000702176,0.0029778599998735444,20,192.7849999958653,268.435456,1392.4084135475125,0,0.0,0,0.0,0,
paged_seq,8192,8,32,8,128,16,16,8,0.01170352599990565,0.011693000000150278,0.011712550000083866,20,1462.9407499882063,268.435456,183.5799078002066,0,0.7339612516834029,0,0.0,0,
paged_shuffled,8192,8,32,8,128,16,16,8,0.01172063999990769,0.01171012999998311,0.011737020000055054,20,1465.0799999884612,268.435456,183.31185191396727,0,0.7328895514295852,0,0.0,0,19249
dense,8192,8,32,8,128,16,16,8,0.0016635399999813671,0.0016114699999434379,0.0025815400001647504,20,207.9424999976709,268.435456,1291.5422677086603,0,5.163647758452585,0,16.77824,0,
dma_gather,8192,8,32,8,128,16,16,8,0.008184619999838105,0.00817811999991136,0.008196870000119816,20,1023.0774999797632,268.435456,262.3803729485887,0,0.0,0,0.0,0,19249
dma_seq,8192,8,32,8,128,16,16,8,0.008036110000034569,0.008021410000083051,0.008049029999938284,20,1004.5137500043211,268.435456,267.2292499717851,0,0.0,0,0.0,0,
gather_only,8192,8,32,8,128,16,16,8,0.005566184999906909,0.005485539999881439,0.005792879999944489,20,695.7731249883636,268.435456,385.8088885000975,0,0.0,0,268.435456,1,19249
gather_seq,8192,8,32,8,128,16,16,8,0.00556006049998814,0.0054412800000136485,0.005702571000028911,20,695.0075624985175,268.435456,386.23386346328084,0,0.0,0,268.435456,1,
contiguous_read,8192,8,32,8,128,16,16,8,0.001559680000013941,0.0015288399999917601,0.0029636200001732504,20,194.96000000174263,268.435456,1376.8745178375084,0,0.0,0,0.0,0,
paged_seq,8192,32,32,8,128,16,16,8,0.046323380999979236,0.04631260099995416,0.04634185100007926,20,5790.4226249974045,1073.741824,185.52464674380855,0,0.7417364109933038,0,0.0,0,
paged_shuffled,8192,32,32,8,128,16,16,8,0.046419786000001295,0.04640510099989115,0.04643118100011634,20,5802.473250000162,1073.741824,185.13934760491486,0,0.7401959666078393,0,0.0,0,19249
dense,8192,32,32,8,128,16,16,8,0.008032905500044762,0.006444869999995717,0.00854511000011371,20,1004.1131875055953,1073.741824,1069.8655543691023,0,4.277373656120881,0,67.11296,0,
dma_gather,8192,32,32,8,128,16,16,8,0.0322318409998843,0.03221753999991961,0.03225624099991364,20,4028.9801249855373,1073.741824,266.5046216885605,0,0.0,0,0.0,0,19249
dma_seq,8192,32,32,8,128,16,16,8,0.0316415254999356,0.03163230100017245,0.03166250000003856,20,3955.1906874919496,1073.741824,271.4766262460223,0,0.0,0,0.0,0,
gather_only,8192,32,32,8,128,16,16,8,0.02213977550002255,0.022035340999991604,0.022254059999795572,20,2767.471937502819,1073.741824,387.9865264212481,0,0.0,0,1073.741824,1,19249
gather_seq,8192,32,32,8,128,16,16,8,0.02249943049991998,0.02181575999998131,0.0229015109998727,20,2812.4288124899977,1073.741824,381.7845341476777,0,0.0,0,1073.741824,1,
contiguous_read,8192,32,32,8,128,16,16,8,0.008261699999934535,0.006039059999920937,0.008521719999862398,20,1032.712499991817,1073.741824,1039.7296672680036,0,0.0,0,0.0,0,
